{
  "concurrent_2": {
    "successful": 2,
    "total": 2,
    "duration": 15.686972618103027,
    "throughput": 0.12749432594100193
  },
  "concurrent_5": {
    "successful": 0,
    "total": 5,
    "duration": 30.62441396713257,
    "throughput": 0.0
  },
  "concurrent_10": {
    "successful": 0,
    "total": 10,
    "duration": 31.010268688201904,
    "throughput": 0.0
  },
  "concurrent_15": {
    "successful": 0,
    "total": 15,
    "duration": 30.998327255249023,
    "throughput": 0.0
  },
  "sustained_load": {
    "duration": 62.07648944854736,
    "total_requests": 0,
    "throughput": 0.0,
    "avg_response_time": 0,
    "p95_response_time": 0
  }
}